<?xml version="1.0" encoding="UTF-8"?>

<!DOCTYPE struts-config PUBLIC
        "-//Apache Software Foundation//DTD Struts Configuration 1.3//EN"
        "http://struts.apache.org/dtds/struts-config_1_3.dtd">

<struts-config>
    <form-beans>
        <form-bean name="userForm" type="bg.tilchev.forms.UserForm"/>
        <form-bean name="homeForm" type="bg.tilchev.forms.HomeForm"/>
        <form-bean name="issueForm" type="bg.tilchev.forms.IssueForm"/>
        <form-bean name="assignForm" type="bg.tilchev.forms.AssignForm"/>
    </form-beans>

    <action-mappings>
        <action path="/home" type="bg.tilchev.actions.HomeAction" name="homeForm">
            <forward name="home" path="/home.jsp" />
        </action>
        <action path="/user" type="bg.tilchev.actions.UserAction" parameter="dispatch" name="userForm">
            <forward name="search" path="/user/search.jsp" />
            <forward name="add" path="/user/add.jsp" />
        </action>
        <action path="/issue" type="bg.tilchev.actions.IssueAction" parameter="dispatch" name="issueForm">
            <forward name="search" path="/issue/search.jsp" />
            <forward name="add" path="/issue/add.jsp" />
        </action>
        <action path="/assign" type="bg.tilchev.actions.AssignAction" parameter="dispatch" name="assignForm">
            <forward name="assign" path="/assign/assign.jsp" />
        </action>
    </action-mappings>

    <message-resources parameter="null" />

</struts-config>