<?xml version="1.0"?>
<!DOCTYPE hibernate-mapping PUBLIC "-//Hibernate/Hibernate Mapping DTD 3.0//EN"
        "http://www.hibernate.org/dtd/hibernate-mapping-3.0.dtd">
<hibernate-mapping>
    <class name="bg.tilchev.models.Issue" table="issues">
        <id name="issueId" type="java.lang.Long">
            <column name="issue_id"/>
            <generator class="identity"/>
        </id>
        <property name="name" type="java.lang.String">
            <column name="name" length="50" not-null="true" unique="true"/>
        </property>
        <property name="project" type="java.lang.String">
            <column name="project" length="50"/>
        </property>
        <property name="priority" type="java.lang.String">
            <column name="priority" length="50"/>
        </property>
        <property name="type" type="java.lang.String">
            <column name="type" length="50"/>
        </property>
        <property name="state" type="java.lang.String">
            <column name="state" length="50"/>
        </property>
        <property name="sprint" type="java.lang.Integer">
            <column name="sprint"/>
        </property>
        <property name="storyPoints" type="java.lang.Integer">
            <column name="story_points"/>
        </property>
        <set name="assignees" table="users_issues"
             inverse="true" lazy="true" fetch="select">
            <key>
                <column name="issue_id" not-null="true" />
            </key>
            <many-to-many entity-name="bg.tilchev.models.User">
                <column name="user_id" not-null="true" />
            </many-to-many>
        </set>
    </class>
</hibernate-mapping>