<?xml version="1.0"?>
<!DOCTYPE hibernate-mapping PUBLIC "-//Hibernate/Hibernate Mapping DTD 3.0//EN"
        "http://www.hibernate.org/dtd/hibernate-mapping-3.0.dtd">
<hibernate-mapping>
    <class name="bg.tilchev.models.User" table="users">
        <id name="userId" type="java.lang.Long">
            <column name="user_id"/>
            <generator class="identity"/>
        </id>
        <property name="name" type="java.lang.String">
            <column name="name" length="50" not-null="true" unique="true"/>
        </property>
        <set name="issues" table="users_issues"
             inverse="false" lazy="true" fetch="select" cascade="all" >
            <key>
                <column name="user_id" not-null="true" />
            </key>
            <many-to-many entity-name="bg.tilchev.models.Issue">
                <column name="issue_id" not-null="true" />
            </many-to-many>
        </set>
    </class>
</hibernate-mapping>