<?xml version='1.0' encoding='utf-8'?>
<!DOCTYPE hibernate-configuration PUBLIC
        "-//Hibernate/Hibernate Configuration DTD//EN"
        "http://www.hibernate.org/dtd/hibernate-configuration-3.0.dtd">
<hibernate-configuration>
    <session-factory>
        <property name="hibernate.connection.url">jdbc:mysql://localhost:3306/issue_tracker_demo?useSSL=false&amp;createDatabaseIfNotExist=true</property>
        <property name="hibernate.connection.driver_class">com.mysql.jdbc.Driver</property>
        <property name="hibernate.connection.username">root</property>
        <property name="hibernate.connection.password">1234</property>
        <property name="hibernate.dialect">org.hibernate.dialect.MySQL5InnoDBDialect</property>
        <property name="show_sql">true</property>
        <property name="hbm2ddl.auto">update</property>
        <mapping resource="bg.tilchev/models/User.hbm.xml"/>
        <mapping resource="bg.tilchev/models/Issue.hbm.xml"/>
    </session-factory>
</hibernate-configuration>
